{
    "image_index": 13,
    "texts": [
        "INVoICe",
        "Walsh Travels & Adventure",
        "tnrolce No. 1as0",
        "OM,#o",
        "PyMntD4Ju 1.t",
        "Dnttbyt",
        "CLIUNT",
        "Hunston tech",
        "Bs as+ si. Chtco,It",
        "[34]55.0140",
        "intophuastsntech.site.com",
        "DESCAIPTIOn",
        "UNIT COST",
        "-",
        "Ahount",
        "Zipllas Moute M",
        "$",
        "$100",
        "Croup Outdposs Celerlngd",
        "$12",
        "L",
        "SUDTOTAL",
        "D0tt",
        "TAX$",
        "$1$",
        "OISCOUNT",
        "$10",
        "TOTAL",
        "$$",
        "Thank you!",
        "+*0-$$3 [st]",
        "JIET",
        "L#$tseatese.*tts.com",
        "..",
        "A",
        "S."
    ],
    "confidences": [
        0.6356092691421509,
        0.9962896704673767,
        0.5955149531364441,
        0.6155189275741577,
        0.5450237989425659,
        0.4121597707271576,
        0.7577645182609558,
        0.8908224105834961,
        0.6807869076728821,
        0.6624075174331665,
        0.8331312537193298,
        0.7538602948188782,
        0.9116349816322327,
        0.1530970335006714,
        0.747684895992279,
        0.7036672830581665,
        0.9128391146659851,
        0.8145397901535034,
        0.7968287467956543,
        0.6860630512237549,
        0.3945606052875519,
        0.8776212930679321,
        0.6082422733306885,
        0.9047454595565796,
        0.5067184567451477,
        0.8730112314224243,
        0.9937381744384766,
        0.9869136810302734,
        0.6940745115280151,
        0.9749004244804382,
        0.5503162741661072,
        0.4878239631652832,
        0.5789415836334229,
        0.8228849172592163,
        0.4163665175437927,
        0.38531261682510376
    ],
    "bounding_boxes": [
        [
            [
                9.0,
                23.0
            ],
            [
                146.0,
                23.0
            ],
            [
                146.0,
                41.0
            ],
            [
                9.0,
                41.0
            ]
        ],
        [
            [
                12.0,
                46.0
            ],
            [
                423.0,
                48.0
            ],
            [
                422.0,
                73.0
            ],
            [
                12.0,
                71.0
            ]
        ],
        [
            [
                9.0,
                102.0
            ],
            [
                160.0,
                102.0
            ],
            [
                160.0,
                115.0
            ],
            [
                9.0,
                115.0
            ]
        ],
        [
            [
                10.0,
                116.0
            ],
            [
                166.0,
                116.0
            ],
            [
                166.0,
                129.0
            ],
            [
                10.0,
                129.0
            ]
        ],
        [
            [
                10.0,
                129.0
            ],
            [
                230.0,
                129.0
            ],
            [
                230.0,
                141.0
            ],
            [
                10.0,
                141.0
            ]
        ],
        [
            [
                11.0,
                142.0
            ],
            [
                159.0,
                142.0
            ],
            [
                159.0,
                152.0
            ],
            [
                11.0,
                152.0
            ]
        ],
        [
            [
                9.0,
                162.0
            ],
            [
                71.0,
                162.0
            ],
            [
                71.0,
                175.0
            ],
            [
                9.0,
                175.0
            ]
        ],
        [
            [
                8.0,
                176.0
            ],
            [
                117.0,
                176.0
            ],
            [
                117.0,
                189.0
            ],
            [
                8.0,
                189.0
            ]
        ],
        [
            [
                8.0,
                190.0
            ],
            [
                212.0,
                190.0
            ],
            [
                212.0,
                205.0
            ],
            [
                8.0,
                205.0
            ]
        ],
        [
            [
                11.0,
                205.0
            ],
            [
                129.0,
                205.0
            ],
            [
                129.0,
                218.0
            ],
            [
                11.0,
                218.0
            ]
        ],
        [
            [
                10.0,
                217.0
            ],
            [
                218.0,
                219.0
            ],
            [
                218.0,
                235.0
            ],
            [
                10.0,
                233.0
            ]
        ],
        [
            [
                10.0,
                274.0
            ],
            [
                129.0,
                274.0
            ],
            [
                129.0,
                287.0
            ],
            [
                10.0,
                287.0
            ]
        ],
        [
            [
                225.0,
                273.0
            ],
            [
                318.0,
                273.0
            ],
            [
                318.0,
                286.0
            ],
            [
                225.0,
                286.0
            ]
        ],
        [
            [
                353.0,
                276.0
            ],
            [
                363.0,
                276.0
            ],
            [
                363.0,
                284.0
            ],
            [
                353.0,
                284.0
            ]
        ],
        [
            [
                425.0,
                274.0
            ],
            [
                497.0,
                274.0
            ],
            [
                497.0,
                287.0
            ],
            [
                425.0,
                287.0
            ]
        ],
        [
            [
                10.0,
                306.0
            ],
            [
                147.0,
                306.0
            ],
            [
                147.0,
                319.0
            ],
            [
                10.0,
                319.0
            ]
        ],
        [
            [
                259.0,
                306.0
            ],
            [
                286.0,
                306.0
            ],
            [
                286.0,
                317.0
            ],
            [
                259.0,
                317.0
            ]
        ],
        [
            [
                460.0,
                304.0
            ],
            [
                498.0,
                304.0
            ],
            [
                498.0,
                318.0
            ],
            [
                460.0,
                318.0
            ]
        ],
        [
            [
                10.0,
                333.0
            ],
            [
                204.0,
                332.0
            ],
            [
                204.0,
                348.0
            ],
            [
                10.0,
                349.0
            ]
        ],
        [
            [
                259.0,
                334.0
            ],
            [
                287.0,
                334.0
            ],
            [
                287.0,
