{
    "image_index": 25,
    "texts": [
        "CLOUD COFFEE",
        "An, Binh Du'dng",
        " HOA DON BAN HANG",
        "Ngay ban: 06/09/2024 17:06",
        "HD161696",
        "Ngusi ban: Thu ngan 4 Lien s6 :",
        "{Lien_So}",
        "Ban: LAU 3/161",
        "Khach hang than thiet: Khach le",
        "Dien thoai:",
        "Don gia",
        "SL",
        "Thanh tien",
        "-Tra ME muoi O't-M",
        "39,000",
        "39,000",
        "Yaourt viet quat da xay.",
        "53,000",
        "53,000",
        "Tong tien hang:",
        "92,000",
        "IGN",
        "Chiet-khau:",
        "0",
        "Tohgcong:",
        "000't6",
        "Thanh toan ( Chuyen khoan )",
        "92,000",
        "SDT: 0978757927",
        "viri: 23456789",
        "Qui khach git lai hoa don nay",
        "Thanks you for your order !!!"
    ],
    "confidences": [
        0.961688220500946,
        0.9927441477775574,
        0.8292853832244873,
        0.9918580651283264,
        0.9967648983001709,
        0.9485166668891907,
        0.9951422214508057,
        0.9932724237442017,
        0.9679034948348999,
        0.9453108310699463,
        0.9951220750808716,
        0.9517271518707275,
        0.9995700716972351,
        0.9266974925994873,
        0.9999027848243713,
        0.9998941421508789,
        0.9586312174797058,
        0.9998500347137451,
        0.9960638880729675,
        0.9820926785469055,
        0.9998738169670105,
        0.40643128752708435,
        0.9647513031959534,
        0.994373083114624,
        0.9297970533370972,
        0.8732419013977051,
        0.9705790281295776,
        0.9998677372932434,
        0.9994189143180847,
        0.9579586982727051,
        0.9712491631507874,
        0.9606001377105713
    ],
    "bounding_boxes": [
        [
            [
                776.0,
                565.0
            ],
            [
                1329.0,
                582.0
            ],
            [
                1327.0,
                651.0
            ],
            [
                774.0,
                634.0
            ]
        ],
        [
            [
                885.0,
                695.0
            ],
            [
                1179.0,
                707.0
            ],
            [
                1177.0,
                758.0
            ],
            [
                883.0,
                746.0
            ]
        ],
        [
            [
                716.0,
                738.0
            ],
            [
                1354.0,
                761.0
            ],
            [
                1351.0,
                833.0
            ],
            [
                714.0,
                810.0
            ]
        ],
        [
            [
                635.0,
                807.0
            ],
            [
                1329.0,
                838.0
            ],
            [
                1326.0,
                900.0
            ],
            [
                632.0,
                868.0
            ]
        ],
        [
            [
                896.0,
                893.0
            ],
            [
                1176.0,
                902.0
            ],
            [
                1174.0,
                955.0
            ],
            [
                894.0,
                946.0
            ]
        ],
        [
            [
                549.0,
                916.0
            ],
            [
                1289.0,
                967.0
            ],
            [
                1284.0,
                1036.0
            ],
            [
                544.0,
                985.0
            ]
        ],
        [
            [
                549.0,
                977.0
            ],
            [
                828.0,
                999.0
            ],
            [
                823.0,
                1060.0
            ],
            [
                544.0,
                1039.0
            ]
        ],
        [
            [
                538.0,
                1041.0
            ],
            [
                929.0,
                1068.0
            ],
            [
                924.0,
                1129.0
            ],
            [
                533.0,
                1103.0
            ]
        ],
        [
            [
                537.0,
                1103.0
            ],
            [
                1130.0,
                1143.0
            ],
            [
                1127.0,
                1196.0
            ],
            [
                533.0,
                1156.0
            ]
        ],
        [
            [
                532.0,
                1154.0
            ],
            [
                735.0,
                1169.0
            ],
            [
                731.0,
                1214.0
            ],
            [
                528.0,
                1199.0
            ]
        ],
        [
            [
                529.0,
                1210.0
            ],
            [
                702.0,
                1220.0
            ],
            [
                699.0,
                1276.0
            ],
            [
                525.0,
                1266.0
            ]
        ],
        [
            [
                979.0,
                1245.0
            ],
            [
                1047.0,
                1245.0
            ],
            [
                1047.0,
                1299.0
            ],
            [
                979.0,
                1299.0
            ]
        ],
        [
            [
                1259.0,
                1255.0
            ],
            [
                1498.0,
                1265.0
            ],
            [
                1496.0,
                1318.0
            ],
            [
                1257.0,
                1309.0
            ]
        ],
        [
            [
                513.0,
                1271.0
            ],
            [
                907.0,
                1297.0
            ],
            [
                903.0,
                1356.0
            ],
            [
                509.0,
                1329.0
            ]
        ],
        [
            [
                513.0,
                1340.0
            ],
            [
                659.0,
                1351.0
            ],
            [
                654.0,
                1406.0
            ],
            [
                509.0,
                1396.0
            ]
        ],
        [
            [
                1353.0,
                1391.0
            ],
            [
                1501.0,
                1401.0
            ],
            [
                1497.0,
                1457.0
            ],
            [
                1349.0,
                1447.0
            ]
        ],
        [
            [
                507.0,
                1479.0
            ],
            [
                997.0,
                1510.0
            ],
            [
                993.0,
                1561.0
            ],
            [
                503.0,
                1530.0
            ]
        ],
        [
            [
                494.0,
                1552.0
            ],
            [
                641.0,
                1552.0
            ],
            [
                641.0,
                1608.0
            ],
            [
                494.0,
                1608.0
            ]
        ],
        [
            [
                1349.0,
                1593.0
            ],
            [
                1505.0,
                1608.0
            ],
            [
                1498.0,
                1672.0
            ],
            [
                1343.0,
                1657.0
            ]
        ],
        [
            [
                979.0,
                1756.0
            ],
            [
